{"Month":{"0":"2018-07","1":"2018-08","2":"2018-09","3":"2018-10","4":"2018-11","5":"2018-12","6":"2019-01","7":"2019-02","8":"2019-03","9":"2019-04","10":"2019-05","11":"2019-06","12":"2019-07","13":"2019-08","14":"2019-09","15":"2019-10","16":"2019-11","17":"2019-12","18":"2020-01","19":"2020-02","20":"2020-03","21":"2020-04","22":"2020-05","23":"2020-06","24":"2020-07","25":"2020-08","26":"2020-09","27":"2020-10","28":"2020-11","29":"2020-12","30":"2021-01","31":"2021-02","32":"2021-03"},"Total_sales":{"0":34225.92,"1":54094.89,"2":48804.5,"3":56885.69,"4":48748.98,"5":57171.16,"6":55369.12,"7":58692.7,"8":70914.3800000001,"9":69473.22,"10":77837.9,"11":69715.13,"12":82033.4,"13":75230.08,"14":67439.36,"15":70700.4,"16":60063.04,"17":56598.86,"18":62256.4,"19":60796.34,"20":36895.01,"21":1500.0,"22":400.0,"23":68471.67,"24":76614.44,"25":72592.16,"26":73218.16,"27":69064.81,"28":56050.13,"29":63776.97,"30":37088.77,"31":60697.73,"32":14342.76},"date_ordinal":{"0":736876,"1":736907,"2":736938,"3":736968,"4":736999,"5":737029,"6":737060,"7":737091,"8":737119,"9":737150,"10":737180,"11":737211,"12":737241,"13":737272,"14":737303,"15":737333,"16":737364,"17":737394,"18":737425,"19":737456,"20":737485,"21":737516,"22":737546,"23":737577,"24":737607,"25":737638,"26":737669,"27":737699,"28":737730,"29":737760,"30":737791,"31":737822,"32":737850},"y_pred":{"0":60807.7432708759,"1":60540.2793072714,"2":60272.8153436668,"3":60013.9792498564,"4":59746.5152862519,"5":59487.6791924406,"6":59220.2152288361,"7":58952.7512652315,"8":58711.1709110085,"9":58443.706947404,"10":58184.8708535926,"11":57917.4068899881,"12":57658.5707961777,"13":57391.1068325732,"14":57123.6428689687,"15":56864.8067751573,"16":56597.3428115528,"17":56338.5067177424,"18":56071.0427541379,"19":55803.5787905334,"20":55553.3705665162,"21":55285.9066029117,"22":55027.0705091003,"23":54759.6065454958,"24":54500.7704516854,"25":54233.3064880809,"26":53965.8425244763,"27":53707.006430665,"28":53439.5424670614,"29":53180.7063732501,"30":52913.2424096456,"31":52645.778446041,"32":52404.198091818}}